UMI	median_counts_pre	times_observed_pre	total_counts_pre	median_counts_post	times_observed_post	total_counts_post
AAAAATGGT	1	2	2	1	2	2
AAAACGGGA	1	1	1	1	1	1
AAAAGTGTC	1	2	2	1	2	2
AAACCTAGA	1	1	1	1	1	1
AAACGAGTC	1	2	2	1	2	2
AAACGGGCT	1	1	1	1	1	1
AAAGCATAG	1	1	1	1	1	1
AAAGGCTAT	1	2	2	1	2	2
AAAGGGCGT	1	2	2	1	2	2
AAAGTGCGG	1	2	2	1	2	2
AAATCACCG	1	1	1	1	1	1
AAATGCCGT	1	2	2	1	2	2
AAATGCGGA	1	2	2	1	2	2
AACAGCTAG	1	2	2	1	2	2
AACAGGTCT	1	2	2	1	2	2
AACAGTTGA	1	2	2	1	2	2
AACATAACA	1	1	1	1	1	1
AACATTCTG	1	2	2	1	2	2
AACATTGTT	1	1	1	1	1	1
AACCGTGGG	1	1	1	1	1	1
AACGCTAAA	1	1	1	1	1	1
AACGTTGAC	1	1	1	1	1	1
AACTGTCGT	1	1	1	1	1	1
AAGAAAGTA	1	2	2	1	2	2
AAGAGCCTG	1	1	1	1	1	1
AAGAGTGTC	1	2	2	1	2	2
AAGCCGAAG	1	1	1	1	1	1
AAGCCGGGC	1	1	1	1	1	1
AAGCCTAAT	1	1	1	1	1	1
AAGCCTGGG	1	1	1	1	1	1
AAGCGCCCG	1	1	1	1	1	1
AAGCGCGCG	1	2	2	1	2	2
AAGCGGGCC	1	2	2	1	2	2
AAGCTGCGC	1	2	2	1	2	2
AAGCTGGGC	1	2	2	1	2	2
AAGGAATTG	1	2	2	1	2	2
AAGGAGGAG	1	1	1	1	1	1
AAGGCTATG	1	2	2	1	2	2
AAGGGAGCC	1	2	2	1	2	2
AAGGGCAGT	1	2	2	1	2	2
AAGGGGTAG	1	2	2	1	2	2
AAGGGGTGG	1	2	2	1	2	2
AAGGTAGGT	1	1	1	1	1	1
AAGGTAGTA	1	1	1	1	1	1
AAGGTAGTG	1	1	1	1	1	1
AAGGTCTCT	1	2	2	1	2	2
AAGTCACGA	1	1	1	1	1	1
AAGTCCAAC	1	1	1	1	1	1
AAGTGCCGG	1	2	2	1	2	2
AAGTTAAAG	1	1	1	1	1	1
AAGTTAGAA	1	1	1	1	1	1
AATAATAGG	1	1	1	1	1	1
AATAGGTGT	1	1	1	1	1	1
AATCCGCGC	1	1	1	1	1	1
AATCGATAG	1	1	1	1	1	1
AATCTCTAG	1	1	1	1	1	1
AATCTGTAG	1	2	2	1	2	2
AATCTTCGG	1	2	2	1	2	2
AATGAAGTA	1	1	1	1	1	1
AATGCATCG	1	1	1	1	1	1
AATGTCATG	1	1	1	1	1	1
AATTTCTTG	1	1	1	1	1	1
ACACTCCTC	1	2	2	1	2	2
ACAGCAAGC	1	1	1	1	1	1
ACAGCTAAA	1	1	1	1	1	1
ACAGGATAC	1	1	1	1	1	1
ACAGGCACC	1	1	1	1	1	1
ACAGGGGTG	1	2	2	1	2	2
ACAGGTCGT	1	1	1	1	1	1
ACAGTAGTG	1	2	2	1	2	2
ACAGTGAAA	1	2	2	1	2	2
ACATCGCGC	1	2	2	1	2	2
ACATTGTGC	1	1	1	1	1	1
ACCACTGTG	1	1	1	1	1	1
ACCAGGGTG	1	2	2	1	2	2
ACCCATGAA	1	2	2	1	2	2
ACCCTGGGT	1	1	1	1	1	1
ACCGTGTGT	1	2	2	1	2	2
ACGAACGGT	1	2	2	1	2	2
ACGAGCACT	1	2	2	1	2	2
ACGAGTAAA	1	2	2	1	2	2
ACGATCGTA	1	1	1	1	1	1
ACGATCGTG	1	1	1	1	1	1
ACGATGAGC	1	1	1	1	1	1
ACGCCAAAG	1	1	1	1	1	1
ACGCCAGTT	1	2	2	1	2	2
ACGCCGACT	1	1	1	1	1	1
ACGCCTTGC	1	2	2	1	2	2
ACGCGAGTG	1	2	2	1	2	2
ACGCGCGAG	1	2	2	1	2	2
ACGGCACGA	1	2	2	1	2	2
ACGGGTACA	1	1	1	1	1	1
ACGGGTAGT	1	1	1	1	1	1
ACGTAAAGG	1	2	2	1	2	2
ACGTAATTG	1	1	1	1	1	1
ACGTACTGG	1	1	1	1	1	1
ACGTGCGGA	1	1	1	1	1	1
ACGTGCTGT	1	1	1	1	1	1
ACGTGGCGG	1	2	2	1	2	2
ACGTGGGGA	1	1	1	1	1	1
ACTACAATA	1	1	1	1	1	1
ACTATCAGC	1	1	1	1	1	1
ACTCGACCG	1	1	1	1	1	1
ACTCGCGTC	1	1	1	1	1	1
ACTGGCGGT	1	1	1	1	1	1
ACTTCTAAG	1	2	2	1	2	2
ACTTTGAAC	1	1	1	1	1	1
AGAACATGG	1	1	1	1	1	1
AGAACTACT	1	1	1	1	1	1
AGAACTGTG	1	2	2	1	2	2
AGAAGAAAG	1	2	2	1	2	2
AGAAGGGAG	1	1	1	1	1	1
AGAATCACC	1	1	1	1	1	1
AGACGATAC	1	2	2	1	2	2
AGACGCGTC	1	1	1	1	1	1
AGACGGCTG	1	1	1	1	1	1
AGACGTGTC	1	2	2	1	2	2
AGACTGGGT	1	1	1	1	1	1
AGAGACGCT	1	2	2	1	2	2
AGAGCAGGT	1	2	2	1	2	2
AGAGGCCAG	1	2	2	1	2	2
AGAGGTCGA	1	2	2	1	2	2
AGATAGATG	1	1	1	1	1	1
AGATGACAC	1	2	2	1	2	2
AGATGAGCG	1	1	1	1	1	1
AGATTGTAG	1	1	1	1	1	1
AGCACGCAG	1	1	1	1	1	1
AGCAGAGTG	1	2	2	1	2	2
AGCAGGATC	1	2	2	1	2	2
AGCAGGCCC	1	2	2	1	2	2
AGCAGTGCG	1	2	2	1	2	2
AGCAGTTGC	1	2	2	1	2	2
AGCATCAGG	1	1	1	1	1	1
AGCATTCGG	1	1	1	1	1	1
AGCCAACTG	1	1	1	1	1	1
AGCCACCGG	1	1	1	1	1	1
AGCCATCCT	1	1	1	1	1	1
AGCCCCTGT	1	1	1	1	1	1
AGCCGAGCT	1	2	2	1	2	2
AGCCGGGGA	1	2	2	1	2	2
AGCGAGCTG	1	2	2	1	2	2
AGCGAGGGA	1	1	1	1	1	1
AGCGGAACT	1	2	2	1	2	2
AGCGGTGTC	1	1	1	1	1	1
AGCGTCTAG	1	1	1	1	1	1
AGCGTGGTG	1	1	1	1	1	1
AGCTGCCAC	1	1	1	1	1	1
AGCTGGGTA	1	1	1	1	1	1
AGGACAGGC	1	2	2	1	2	2
AGGACTGTC	1	2	2	1	2	2
AGGAGAAAC	1	1	1	1	1	1
AGGAGGAGG	1	1	1	1	1	1
AGGCAGTAC	1	1	1	1	1	1
AGGCCAAGA	1	2	2	1	2	2
AGGCCAGAG	1	2	2	1	2	2
AGGCCGAAC	1	2	2	1	2	2
AGGCCTGGA	1	1	1	1	1	1
AGGCGGAGG	1	2	2	1	2	2
AGGCGGCAT	1	1	1	1	1	1
AGGCGGCCA	1	1	1	1	1	1
AGGCTCCGT	1	1	1	1	1	1
AGGCTGCAG	1	2	2	1	2	2
AGGCTGCCC	1	1	1	1	1	1
AGGGACGTA	1	1	1	1	1	1
AGGGACTGC	1	2	2	1	2	2
AGGGCACAT	1	1	1	1	1	1
AGGGCCCGT	1	1	1	1	1	1
AGGGCCTCA	1	2	2	1	2	2
AGGGGGGGG	1	1	1	1	1	1
AGGGGTCAA	1	1	1	1	1	1
AGGGGTCGT	1	1	1	1	1	1
AGGGTCATG	1	1	1	1	1	1
AGGGTTACC	1	1	1	1	1	1
AGGTAGGGG	1	2	2	1	2	2
AGGTCGTAG	1	2	2	1	2	2
AGGTGGGGG	1	1	1	1	1	1
AGGTTCTGG	1	2	2	1	2	2
AGTAGGGAG	1	1	1	1	1	1
AGTAGGTGC	1	2	2	1	2	2
AGTATGCAA	1	2	2	1	2	2
AGTCAAGGG	1	1	1	1	1	1
AGTCACCTA	1	1	1	1	1	1
AGTCACTGG	1	1	1	1	1	1
AGTCCTAGA	1	1	1	1	1	1
AGTCGCACT	1	1	1	1	1	1
AGTCGGTCG	1	1	1	1	1	1
AGTCTGCAC	1	1	1	1	1	1
AGTCTGTGC	1	2	2	1	2	2
AGTGAGTGG	1	1	1	1	1	1
AGTGATGAA	1	1	1	1	1	1
AGTGATGGC	1	1	1	1	1	1
AGTGGTATG	2	1	2	2	1	2
AGTGTGTCA	1	1	1	1	1	1
AGTGTGTGA	1	1	1	1	1	1
AGTTAGCAT	1	2	2	1	2	2
AGTTCTTAG	1	1	1	1	1	1
AGTTGGTGT	1	1	1	1	1	1
AGTTTTTGG	1	1	1	1	1	1
ATAAGTGTC	1	2	2	1	2	2
ATAGCTCAA	1	2	2	1	2	2
ATCATTAGC	1	2	2	1	2	2
ATCCGGCAT	1	1	1	1	1	1
ATCCTCTTG	1	2	2	1	2	2
ATCGAAGGT	1	2	2	1	2	2
ATCGTGGAG	1	1	1	1	1	1
ATCTGTAGG	1	2	2	1	2	2
ATGAACCCA	1	2	2	1	2	2
ATGACAGTG	1	2	2	1	2	2
ATGACGTTA	1	1	1	1	1	1
ATGAGACTG	1	2	2	1	2	2
ATGAGCCTG	1	2	2	1	2	2
ATGAGGTGA	1	2	2	1	2	2
ATGCAAGGG	1	1	1	1	1	1
ATGCAATCA	1	2	2	1	2	2
ATGCCATGA	1	2	2	1	2	2
ATGCCGAGG	1	2	2	1	2	2
ATGCCGGAC	1	1	1	1	1	1
ATGCGCGTG	1	1	1	1	1	1
ATGCGCTGG	1	1	1	1	1	1
ATGCGGAAA	1	1	1	1	1	1
ATGCGGATG	1	1	1	1	1	1
ATGGAGTCA	1	1	1	1	1	1
ATGGAGTGG	1	1	1	1	1	1
ATGGATCGG	1	2	2	1	2	2
ATGGCAACT	1	1	1	1	1	1
ATGGCACTG	1	2	2	1	2	2
ATGGCATGT	1	1	1	1	1	1
ATGGCTTTG	1	1	1	1	1	1
ATGGGAGTA	1	2	2	1	2	2
ATGGGCCAG	1	1	1	1	1	1
ATGTCGTCA	1	1	1	1	1	1
ATGTGGCAT	1	2	2	1	2	2
ATTCAGCGC	1	2	2	1	2	2
ATTCCAGGG	1	1	1	1	1	1
ATTCCGTTG	1	2	2	1	2	2
CAAAACTGG	1	2	2	1	2	2
CAAAAGTGG	1	1	1	1	1	1
CAAAGAGGG	1	2	2	1	2	2
CAAAGAGGT	1	1	1	1	1	1
CAAAGCAGG	1	1	1	1	1	1
CAACACCGG	1	2	2	1	2	2
CAACCGGTG	1	1	1	1	1	1
CAACGTGGC	1	2	2	1	2	2
CAACTAGGA	1	2	2	1	2	2
CAAGGGCGT	1	1	1	1	1	1
CAAGGGGGC	1	1	1	1	1	1
CAAGTATAG	1	1	1	1	1	1
CAAGTCAGT	1	2	2	1	2	2
CAAGTGTCG	1	1	1	1	1	1
CAAGTTTAG	1	1	1	1	1	1
CAATGCTGG	1	2	2	1	2	2
CAATGTGAC	1	2	2	1	2	2
CACACAACT	1	1	1	1	1	1
CACATCTGG	1	1	1	1	1	1
CACCAGCTG	1	1	1	1	1	1
CACGGGCGG	1	2	2	1	2	2
CACGTCTAA	1	2	2	1	2	2
CACTGACGG	1	1	1	1	1	1
CAGAATGGT	1	1	1	1	1	1
CAGACGGCC	1	2	2	1	2	2
CAGATAGGT	1	1	1	1	1	1
CAGCAGCAT	1	2	2	1	2	2
CAGCCCTAG	1	1	1	1	1	1
CAGCCGCGG	1	1	1	1	1	1
CAGCGACAG	1	1	1	1	1	1
CAGCGACGC	1	2	2	1	2	2
CAGCGATTG	1	1	1	1	1	1
CAGCGCCTG	2	1	2	2	1	2
CAGCGGAAA	1	2	2	1	2	2
CAGCGGCCC	1	2	2	1	2	2
CAGCGGGCT	1	1	1	1	1	1
CAGCGTATG	1	2	2	1	2	2
CAGCGTGAG	1	1	1	1	1	1
CAGCGTTAG	1	2	2	1	2	2
CAGCTAGGA	1	1	1	1	1	1
CAGCTGCTG	1	1	1	1	1	1
CAGGACAAC	1	1	1	1	1	1
CAGGGGAGC	1	2	2	1	2	2
CAGTAAGGC	1	2	2	1	2	2
CAGTGATCG	1	2	2	1	2	2
CAGTGCGGG	1	2	2	1	2	2
CAGTGGGAG	1	1	1	1	1	1
CAGTGGTCG	1	2	2	1	2	2
CAGTTTCGG	1	2	2	1	2	2
CATACACAC	1	1	1	1	1	1
CATACAGGC	1	1	1	1	1	1
CATACGACG	1	2	2	1	2	2
CATACGTGA	1	2	2	1	2	2
CATAGAGAG	1	1	1	1	1	1
CATAGAGGG	1	1	1	1	1	1
CATAGGATG	1	1	1	1	1	1
CATCGATAG	1	2	2	1	2	2
CATCTGCGC	1	1	1	1	1	1
CATTGAAGT	1	1	1	1	1	1
CATTTTCAG	1	1	1	1	1	1
CATTTTCCA	1	2	2	1	2	2
CCACCCGTC	1	2	2	1	2	2
CCACGTGGG	1	2	2	1	2	2
CCACTGGGA	1	3	4	1	3	4
CCAGGATGG	1	1	1	1	1	1
CCATGCGCC	1	1	1	1	1	1
CCATTGGAC	1	1	1	1	1	1
CCCCGGGGG	1	2	2	1	2	2
CCCTGGGAT	1	1	1	1	1	1
CCGACCAAA	1	1	1	1	1	1
CCGAGGTAA	1	2	2	1	2	2
CCGATATGA	1	1	1	1	1	1
CCGATTAGG	1	2	2	1	2	2
CCGCAGGGG	1	1	1	1	1	1
CCGCGCACG	1	2	2	1	2	2
CCGCGGGGG	1	2	2	1	2	2
CCGCGGTGA	1	2	2	1	2	2
CCGCTACGG	1	2	2	1	2	2
CCGCTGGCC	1	1	1	1	1	1
CCGTCTGCA	1	2	2	1	2	2
CCTAAAGGG	1	2	2	1	2	2
CCTCCCGGA	1	1	1	1	1	1
CCTCGTCGA	1	2	2	1	2	2
CCTGGTCAC	1	1	1	1	1	1
CCTGGTGTG	1	2	2	1	2	2
CCTTCGGTC	1	1	1	1	1	1
CGAACAGGT	1	2	2	1	2	2
CGAAGCTGG	1	2	2	1	2	2
CGAAGGCTG	1	2	2	1	2	2
CGACAACTC	1	2	2	1	2	2
CGACACCGT	1	1	1	1	1	1
CGACGCGGA	1	2	2	1	2	2
CGACGCGGT	1	2	2	1	2	2
CGACGGACA	1	1	1	1	1	1
CGACGGCTG	1	2	2	1	2	2
CGACGGGGG	1	2	2	1	2	2
CGACGTCAG	1	2	2	1	2	2
CGACGTGGG	1	1	1	1	1	1
CGACTGGGG	1	2	2	1	2	2
CGAGGGGAC	1	1	1	1	1	1
CGAGGGTAG	1	1	1	1	1	1
CGATATAGG	1	1	1	1	1	1
CGATATTGG	1	2	2	1	2	2
CGATCATGG	1	2	2	1	2	2
CGATGAGAT	1	2	2	1	2	2
CGATGTTAG	1	2	2	1	2	2
CGCACGCTC	1	2	2	1	2	2
CGCACTCAA	1	1	1	1	1	1
CGCAGTGAA	1	2	2	1	2	2
CGCCACTGG	1	1	1	1	1	1
CGCCCGGGA	1	1	1	1	1	1
CGCCCGTGG	1	2	2	1	2	2
CGCCCTAAG	2	1	2	2	1	2
CGCCGGAAA	1	1	1	1	1	1
CGCCGGAGT	1	1	1	1	1	1
CGCCGGCAT	1	2	2	1	2	2
CGCCTCTAG	1	2	2	1	2	2
CGCGGATAG	1	2	2	1	2	2
CGCGGCTGG	1	2	2	1	2	2
CGCTCCATC	1	1	1	1	1	1
CGCTGACCA	1	3	4	1	3	4
CGCTGAGGG	1	2	2	1	2	2
CGCTGGCGC	1	1	1	1	1	1
CGCTTTGAG	1	1	1	1	1	1
CGGAGACAT	1	2	2	1	2	2
CGGATTGAG	1	1	1	1	1	1
CGGCCCCTA	1	1	1	1	1	1
CGGCTCCGC	1	2	2	1	2	2
CGGCTGCCC	1	2	2	1	2	2
CGGGAACCT	1	1	1	1	1	1
CGGGCCTGG	2	1	2	2	1	2
CGGGGTTAG	1	1	1	1	1	1
CGGTCTCGG	1	2	2	1	2	2
CGGTGAACT	1	1	1	1	1	1
CGGTTAGCT	1	2	2	1	2	2
CGTAGGGTG	1	2	2	1	2	2
CGTATCTCC	1	1	1	1	1	1
CGTATTCAC	1	1	1	1	1	1
CGTCACAGT	1	2	2	1	2	2
CGTGAGCGC	1	2	2	1	2	2
CGTGGTAGG	1	1	1	1	1	1
CGTTGGTCG	1	2	2	1	2	2
CTAAGGGCG	1	2	2	1	2	2
CTAATGGTG	1	2	2	1	2	2
CTACAAATG	1	1	1	1	1	1
CTACGGGGT	1	2	2	1	2	2
CTACTATGC	1	1	1	1	1	1
CTATAGTGG	1	1	1	1	1	1
CTATATAGA	1	1	1	1	1	1
CTATCGTGG	1	2	2	1	2	2
CTATTATGG	1	1	1	1	1	1
CTCAGAGGT	1	1	1	1	1	1
CTCAGGGCG	1	1	1	1	1	1
CTCAGGTGG	1	2	2	1	2	2
CTCGGACGA	1	1	1	1	1	1
CTCTACGTG	1	2	2	1	2	2
CTCTGCGAG	1	1	1	1	1	1
CTGACAGCG	1	2	2	1	2	2
CTGCAAGGG	1	2	2	1	2	2
CTGCAGATG	1	1	1	1	1	1
CTGCCAGGC	1	1	1	1	1	1
CTGCGGGCA	1	2	2	1	2	2
CTGGGACGG	1	2	2	1	2	2
CTGGTGGGT	1	1	1	1	1	1
CTGTTGCGC	1	2	2	1	2	2
CTTACCGGT	1	2	2	1	2	2
CTTAGATTG	1	1	1	1	1	1
CTTAGGGTA	1	1	1	1	1	1
CTTCATAGA	1	1	1	1	1	1
CTTCGAAGG	1	2	2	1	2	2
CTTCGCAGT	1	2	2	1	2	2
CTTCGGATA	1	2	2	1	2	2
CTTCTGGTC	1	1	1	1	1	1
CTTCTTGCG	1	1	1	1	1	1
CTTGCGCAG	1	1	1	1	1	1
CTTGGAATA	1	1	1	1	1	1
CTTGGTTCG	1	1	1	1	1	1
CTTGTGGAC	1	1	1	1	1	1
CTTTAAAGT	1	2	2	1	2	2
CTTTCGTGT	1	1	1	1	1	1
CTTTGAGTC	1	1	1	1	1	1
GAAACAGGG	1	2	2	1	2	2
GAAACCCTT	1	1	1	1	1	1
GAACAGAGT	1	1	1	1	1	1
GAACCACGG	1	1	1	1	1	1
GAACCGCAC	1	1	1	1	1	1
GAACGACGG	1	2	2	1	2	2
GAACTTCAG	1	2	2	1	2	2
GAAGAAGAC	1	1	1	1	1	1
GAAGACTGT	1	2	2	1	2	2
GAAGCGGCC	1	1	1	1	1	1
GAAGGACGT	1	1	1	1	1	1
GAAGTGGCT	1	1	1	1	1	1
GAATAAGGC	1	1	1	1	1	1
GAATACAAA	1	1	1	1	1	1
GAATGGGAG	1	2	2	1	2	2
GAATTTGGG	1	1	1	1	1	1
GACATCAGC	1	2	2	1	2	2
GACCATGAT	1	1	1	1	1	1
GACCCAAGG	1	1	1	1	1	1
GACCGGGAG	1	2	2	1	2	2
GACGGCCTT	1	1	1	1	1	1
GAGAACTCA	1	2	2	1	2	2
GAGAAGAGC	1	2	2	1	2	2
GAGAAGCGT	1	2	2	1	2	2
GAGACCTGA	1	2	2	1	2	2
GAGACGGGC	1	1	1	1	1	1
GAGAGAGGT	1	1	1	1	1	1
GAGAGATAC	1	1	1	1	1	1
GAGAGCTGC	1	2	2	1	2	2
GAGATTCCG	1	2	2	1	2	2
GAGCGCGGG	1	2	2	1	2	2
GAGCGCTCC	1	2	2	1	2	2
GAGCGGACG	1	2	2	1	2	2
GAGCGTAAA	1	1	1	1	1	1
GAGCGTTGC	1	2	2	1	2	2
GAGCTCGGC	1	1	1	1	1	1
GAGGCCGTG	1	2	2	1	2	2
GAGGGATGG	1	1	1	1	1	1
GAGGGGACT	1	1	1	1	1	1
GAGGGGTGA	1	1	1	1	1	1
GAGGTTGGA	1	1	1	1	1	1
GAGTATAGA	1	2	2	1	2	2
GAGTCATTG	1	1	1	1	1	1
GAGTGCTAA	1	2	2	1	2	2
GAGTGGCGG	1	1	1	1	1	1
GATAGTTGG	1	2	2	1	2	2
GATATCATC	1	2	2	1	2	2
GATATGGGC	1	1	1	1	1	1
GATCAGATC	1	2	2	1	2	2
GATCCTCAT	1	2	2	1	2	2
GATCGGGGT	1	1	1	1	1	1
GATCGTGTA	1	1	1	1	1	1
GATCGTTGG	1	1	1	1	1	1
GATGGGCAC	1	2	3	1	2	3
GATGGTCGC	1	2	2	1	2	2
GATGGTGGT	1	3	4	1	3	4
GATTTCAGG	1	2	2	1	2	2
GCAAAGCCT	1	2	2	1	2	2
GCAACCAGC	1	2	2	1	2	2
GCAATGCCA	1	1	1	1	1	1
GCAATTAGC	1	2	2	1	2	2
GCACATGCC	1	1	1	1	1	1
GCACCAAGC	1	1	1	1	1	1
GCACGGACC	1	1	1	1	1	1
GCACGGTGG	1	2	2	1	2	2
GCAGAATCA	1	2	2	1	2	2
GCAGAGTTG	1	2	2	1	2	2
GCAGCATCC	1	1	1	1	1	1
GCAGCCGCG	1	2	2	1	2	2
GCAGGATTG	1	2	2	1	2	2
GCAGGCGAA	1	1	1	1	1	1
GCAGTAGAG	1	1	1	1	1	1
GCATTGCGC	1	2	2	1	2	2
GCCAAACAA	1	1	1	1	1	1
GCCACAGGT	2	1	2	2	1	2
GCCACTGAC	1	1	1	1	1	1
GCCAGGAAG	2	2	4	2	2	4
GCCAGTCAG	1	1	1	1	1	1
GCCCGTGCG	1	1	1	1	1	1
GCCGATTTG	1	1	1	1	1	1
GCCTGGTGA	1	1	1	1	1	1
GCCTTAGTG	2	1	2	2	1	2
GCGACGTCA	1	2	2	1	2	2
GCGACTGGG	1	1	1	1	1	1
GCGAGGAAC	1	1	1	1	1	1
GCGCAAATG	1	2	2	1	2	2
GCGCAGGAA	1	1	1	1	1	1
GCGCAGGCT	1	1	1	1	1	1
GCGCCAGGA	1	2	2	1	2	2
GCGCCGATC	1	1	1	1	1	1
GCGCGAGCT	1	1	1	1	1	1
GCGCGCGAC	1	2	2	1	2	2
GCGCGGCAA	1	1	1	1	1	1
GCGCGGGGG	1	2	2	1	2	2
GCGCTAGAG	1	2	2	1	2	2
GCGGAGTAC	2	1	2	2	1	2
GCGGCACGA	1	1	1	1	1	1
GCGGCGACC	1	1	1	1	1	1
GCGGCGTGC	1	1	1	1	1	1
GCGGGCGCC	1	2	2	1	2	2
GCGGGCTGA	2	1	2	2	1	2
GCGGGTCGG	1	2	2	1	2	2
GCGTACGAC	1	1	1	1	1	1
GCGTCCTTA	1	1	1	1	1	1
GCGTGAGTC	1	1	1	1	1	1
GCGTGCCTA	1	1	1	1	1	1
GCGTGGGAC	1	1	1	1	1	1
GCTAAGGCG	1	1	1	1	1	1
GCTACGCAG	1	2	2	1	2	2
GCTCGCAGA	1	1	1	1	1	1
GCTGAACGC	1	2	2	1	2	2
GCTGGTCAA	1	1	1	1	1	1
GCTTACGTG	1	1	1	1	1	1
GCTTCCCGG	1	1	1	1	1	1
GCTTCGAGC	1	1	1	1	1	1
GCTTTAGAA	1	1	1	1	1	1
GCTTTGAGA	1	1	1	1	1	1
GGAAGCACG	1	2	2	1	2	2
GGAAGGGGA	1	1	1	1	1	1
GGAAGGGGT	1	1	1	1	1	1
GGAATGGGA	1	1	1	1	1	1
GGACAGGGG	1	1	1	1	1	1
GGACCTCAG	1	2	2	1	2	2
GGACGAATC	1	2	2	1	2	2
GGACGAGCT	1	1	1	1	1	1
GGACGCGAT	1	1	1	1	1	1
GGACGTCAG	1	1	1	1	1	1
GGACTGTGT	1	1	1	1	1	1
GGAGAAAGG	1	1	1	1	1	1
GGAGTGGTG	1	1	1	1	1	1
GGATCTCAG	1	1	1	1	1	1
GGCAGAGTC	1	2	2	1	2	2
GGCAGCAGC	1	1	1	1	1	1
GGCAGCCCG	1	2	2	1	2	2
GGCCAACCG	1	1	1	1	1	1
GGCCCACAG	1	2	2	1	2	2
GGCCCATTC	1	1	1	1	1	1
GGCCGCGGA	1	2	2	1	2	2
GGCCGGAAC	1	1	1	1	1	1
GGCCGGAGG	1	2	2	1	2	2
GGCCGGCGG	1	2	2	1	2	2
GGCCGGGCC	1	1	1	1	1	1
GGCCGTGGA	1	2	2	1	2	2
GGCCGTGGT	1	1	1	1	1	1
GGCCTGGGG	1	1	1	1	1	1
GGCGAGAGC	1	1	1	1	1	1
GGCGTCTCT	1	2	2	1	2	2
GGCGTGATG	1	1	1	1	1	1
GGCGTTCGT	1	1	1	1	1	1
GGCTAGCCT	1	2	2	1	2	2
GGGAGTGTG	1	1	1	1	1	1
GGGATACCC	1	1	1	1	1	1
GGGCCCAGG	1	1	1	1	1	1
GGGCGAATA	1	1	1	1	1	1
GGGCGCAGG	1	1	1	1	1	1
GGGCGGGGG	1	1	1	1	1	1
GGGCGTCGC	1	2	2	1	2	2
GGGCTAGGT	1	1	1	1	1	1
GGGCTCCAA	1	1	1	1	1	1
GGGCTGAAA	1	2	2	0	0	0
GGGCTGAGA	1	2	2	2	2	4
GGGGAGCGA	1	1	1	1	1	1
GGGGGGTCA	1	2	2	1	2	2
GGGGGTCGG	1	1	1	1	1	1
GGGGTAGTA	1	1	1	1	1	1
GGGGTGAGG	1	2	2	1	2	2
GGGTAGACG	1	2	2	1	2	2
GGGTATAAG	1	2	2	1	2	2
GGGTCTCGG	1	2	2	1	2	2
GGGTGGAGG	1	1	1	1	1	1
GGGTGGCCT	1	2	2	1	2	2
GGGTGGGCG	1	1	1	1	1	1
GGGTGGTCC	1	2	2	1	2	2
GGGTTTGTG	1	1	1	1	1	1
GGTACGCAG	1	1	1	1	1	1
GGTAGATAA	1	1	1	1	1	1
GGTAGCACC	1	2	2	1	2	2
GGTAGGCGT	1	2	2	1	2	2
GGTAGTCAT	1	2	2	1	2	2
GGTAGTGGG	1	1	1	1	1	1
GGTAGTTGC	1	2	2	1	2	2
GGTATGAGA	1	3	3	1	3	3
GGTCACGGT	1	1	1	1	1	1
GGTCCACCA	1	2	2	1	2	2
GGTCCCGGG	1	1	1	1	1	1
GGTCGGACC	1	1	1	1	1	1
GGTCGTGAT	1	2	2	1	2	2
GGTGATAGC	1	1	1	1	1	1
GGTGGGATC	1	4	4	1	4	4
GGTGGTGGA	1	2	2	1	2	2
GGTTACAGG	1	2	2	1	2	2
GGTTAGGCA	1	2	2	1	2	2
GGTTTAGGA	1	1	1	1	1	1
GGTTTGGCT	1	1	1	1	1	1
GTAACAGTG	1	2	2	1	2	2
GTAACCTGT	1	2	2	1	1	1
GTAACGGCG	1	1	1	1	1	1
GTAAGCGTT	1	1	1	1	1	1
GTAAGGGAA	1	1	1	1	1	1
GTAATTCAG	1	2	2	1	2	2
GTACAGACT	1	1	1	1	1	1
GTACAGGAC	1	2	2	1	2	2
GTACCCTGT	1	2	2	1	2	3
GTACCTAGC	1	1	1	1	1	1
GTACGATGC	1	1	1	1	1	1
GTACGGGGC	1	2	2	1	2	2
GTACGGGGG	1	2	2	1	2	2
GTACGGGTT	1	1	1	1	1	1
GTACGTTTG	1	2	2	1	2	2
GTACTGTAG	1	1	1	1	1	1
GTAGGGGGC	1	1	1	1	1	1
GTAGGTGCT	1	2	2	1	2	2
GTATACACG	1	2	2	1	2	2
GTATACCTG	1	1	1	1	1	1
GTATATATG	1	2	2	1	2	2
GTATGCGGA	1	2	2	1	2	2
GTCAACTCA	1	2	2	1	2	2
GTCAATGTG	1	1	1	1	1	1
GTCAGAACT	1	1	1	1	1	1
GTCAGAGTG	2	1	2	2	1	2
GTCAGTATG	2	1	2	2	1	2
GTCGAAGGG	1	1	1	1	1	1
GTCGCCGGG	1	1	1	1	1	1
GTCGGTCGC	1	2	2	1	2	2
GTCGGTGAG	1	1	1	1	1	1
GTCTGGGAA	1	1	1	1	1	1
GTCTGGGAT	1	2	2	1	2	2
GTCTGTGAT	1	2	2	1	2	2
GTGAATATG	1	2	2	1	2	2
GTGAGTCCA	1	2	2	1	2	2
GTGCACGGT	1	1	1	1	1	1
GTGCACTTG	1	1	1	1	1	1
GTGCCGACG	1	1	1	1	1	1
GTGCCTTGG	1	1	1	1	1	1
GTGCGGATC	1	1	1	1	1	1
GTGCGGTGA	1	2	2	1	2	2
GTGGATCAG	1	2	2	1	2	2
GTGGCCCCA	1	1	1	1	1	1
GTGGGACCA	1	1	1	1	1	1
GTGGGCTAG	1	1	1	1	1	1
GTGGGGCCA	1	2	2	1	2	2
GTGGTAGCA	1	1	1	1	1	1
GTGTAGAAA	1	2	2	1	2	2
GTGTAGGTC	2	1	2	2	1	2
GTGTGCCTC	1	1	1	1	1	1
GTGTGTCGT	1	1	1	1	1	1
GTGTGTGAC	1	2	2	1	2	2
GTGTTTTGG	1	1	1	1	1	1
GTTACGTGG	1	1	1	1	1	1
GTTAGCAAT	1	1	1	1	1	1
GTTAGGGGT	1	1	1	1	1	1
GTTATAGTG	1	2	2	1	2	2
GTTATGTTG	1	2	2	1	2	2
GTTCCAATC	1	1	1	1	1	1
GTTCGGGGG	1	1	1	1	1	1
GTTCTCCTG	1	1	1	1	1	1
GTTGGGGCG	1	1	1	1	1	1
TAAAGAGTT	1	2	2	1	2	2
TAAAGGGGG	1	1	1	1	1	1
TAAAGTCAA	1	2	2	1	2	2
TAACGTGAG	1	1	1	1	1	1
TAACTGCCG	1	1	1	1	1	1
TAAGAGGTG	1	1	1	1	1	1
TAAGCATCT	1	2	2	1	2	2
TAAGGACTC	1	1	1	1	1	1
TAAGGCGTC	1	1	1	1	1	1
TAAGTATTG	1	1	1	1	1	1
TAAGTCGGC	1	2	2	1	2	2
TAATCAGAG	1	1	1	1	1	1
TAATGCGAT	1	2	2	1	2	2
TAATTACGA	1	1	1	1	1	1
TAATTGGTC	1	1	1	1	1	1
TACAACAGC	1	1	1	1	1	1
TACAAGGGT	2	1	2	2	1	2
TACACCAGC	1	1	1	1	1	1
TACAGACTC	1	1	1	1	1	1
TACAGAGTT	1	1	1	1	1	1
TACAGGCTA	1	2	2	1	2	2
TACAGGGAA	1	1	1	1	1	1
TACAGGTAG	1	1	1	1	1	1
TACAGTGGG	1	2	2	1	2	2
TACATGAAT	1	1	1	1	1	1
TACATTGAC	1	1	1	1	1	1
TACCACAAG	1	1	1	1	1	1
TACCAGGGA	1	1	1	1	1	1
TACCCCGGG	1	2	2	1	2	2
TACCGATGG	1	2	2	1	2	2
TACCGGGGC	1	2	2	1	2	2
TACCGGGTC	1	2	2	1	2	2
TACCTGGGG	1	1	1	1	1	1
TACCTTAAG	1	2	2	1	2	2
TACGCTCCT	1	2	2	1	2	2
TACGGAAGG	1	1	1	1	1	1
TACGGCCAA	1	1	1	1	1	1
TACGGGGTC	1	1	1	1	1	1
TACGGTATG	1	2	2	1	2	2
TACGTACGA	1	1	1	1	1	1
TACGTCAAG	1	2	2	1	2	2
TACGTGGGA	1	1	1	1	1	1
TACTAGATG	1	1	1	1	1	1
TACTCACGT	1	2	2	1	2	2
TACTGGTAA	1	2	2	1	2	2
TACTTGGTA	1	2	2	1	2	2
TAGACAGAG	1	1	1	1	1	1
TAGAGATAG	1	2	2	1	2	2
TAGCCATCG	1	1	1	1	1	1
TAGCCGAAC	1	1	1	1	1	1
TAGCCGCTA	1	1	1	1	1	1
TAGCGCTAA	1	2	2	1	2	2
TAGCGCTGG	1	1	1	1	1	1
TAGCGGAGA	1	1	1	1	1	1
TAGCGGCAC	1	2	2	1	2	2
TAGCGGCCC	1	2	2	1	2	2
TAGCGTTCG	1	2	2	1	2	2
TAGCTACTG	1	2	2	1	2	2
TAGCTGTCA	1	1	1	1	1	1
TAGCTGTGA	1	1	1	1	1	1
TAGGCAGGT	1	2	2	1	2	2
TAGGCTCTC	1	2	2	1	2	2
TAGGGGTGG	1	1	1	1	1	1
TAGTGGGCA	1	2	2	1	2	2
TAGTGTAGA	1	2	2	1	2	2
TAGTTCTCA	1	1	1	1	1	1
TATAACGAC	1	2	2	1	2	2
TATAGACGC	1	2	2	1	2	2
TATAGGCGG	1	1	1	1	1	1
TATATGGGA	1	2	2	1	2	2
TATCGACTC	1	2	2	1	2	2
TATCGGAGG	1	1	1	1	1	1
TATCGGTAG	1	1	1	1	1	1
TATGAGCTC	1	2	2	1	2	2
TATGCGGGA	1	2	2	1	2	2
TATTACGAT	1	1	1	1	1	1
TATTTAACC	1	2	2	1	2	2
TATTTACAA	1	2	2	1	2	2
TATTTCAAC	1	2	2	1	2	2
TCAAGTTGG	1	2	2	1	2	2
TCCACGGAA	1	2	2	1	2	2
TCCCGTCGT	1	2	2	1	2	2
TCCCGTGAA	1	1	1	1	1	1
TCCTGTCGG	1	2	2	1	2	2
TCGAGCAAC	1	2	2	1	2	2
TCGCCGAAG	1	1	1	1	1	1
TCGCGAAGC	1	2	2	1	2	2
TCGCGAGCG	1	1	1	1	1	1
TCGCGCTGC	1	2	2	1	2	2
TCGCGGATA	1	1	1	1	1	1
TCGCGGGTT	2	1	2	2	1	2
TCGCGTGAG	1	2	2	1	2	2
TCGGCATTG	1	1	1	1	1	1
TCTGAAGGA	1	1	1	1	1	1
TGAACCCCG	1	1	1	1	1	1
TGAACGGTG	1	2	2	1	2	2
TGAAGTTCC	1	2	2	1	2	2
TGAATCAGA	1	2	2	1	2	2
TGACGTGCT	1	2	2	1	2	2
TGAGTCAGA	1	2	2	1	2	2
TGATGAGAG	1	2	2	1	2	2
TGCCAGGAG	1	2	2	1	2	2
TGCCGGTGG	1	1	1	1	1	1
TGCCGTCAC	1	1	1	1	1	1
TGCGAATGC	1	1	1	1	1	1
TGCGCGGCT	1	1	1	1	1	1
TGCTCCTAA	1	1	1	1	1	1
TGCTGAGGA	1	1	1	1	1	1
TGGAAACAG	1	2	2	1	2	2
TGGAGGTCT	1	1	1	1	1	1
TGGATTACC	1	1	1	1	1	1
TGGCCAGAC	1	2	2	1	2	2
TGGCCTCAA	1	1	1	1	1	1
TGGCGTAGT	1	2	2	1	2	2
TGGGCAGAT	1	2	2	1	2	2
TGGGCGAAG	1	1	1	1	1	1
TGGGGCGAA	1	1	1	1	1	1
TGGGGTAGT	1	2	2	1	2	2
TGGGGTGGG	1	1	1	1	1	1
TGGGTAAAG	1	1	1	1	1	1
TGGGTATGG	1	1	1	1	1	1
TGGGTGAAC	1	2	2	1	2	2
TGGGTGCGA	1	2	2	1	2	2
TGGGTGTGG	1	1	1	1	1	1
TGGGTTCGA	1	1	1	1	1	1
TGGTCGAGA	1	1	1	1	1	1
TGTAGTGTG	1	1	1	1	1	1
TGTCATATG	1	1	1	1	1	1
TGTCGCGAT	1	2	2	1	2	2
TGTCGGGAC	1	2	2	1	2	2
TGTCTGGCT	1	1	1	1	1	1
TGTGCTGTA	1	1	1	1	1	1
TGTTACTCG	1	2	2	1	2	2
TGTTGGTGG	1	2	2	1	2	2
TTAAACCGC	1	2	2	1	2	2
TTAAGGGCC	1	2	2	1	2	2
TTAAGTTGA	1	2	2	1	2	2
TTAATTAGG	1	2	2	1	2	2
TTACGGTTG	1	1	1	1	1	1
TTAGATAGC	1	1	1	1	1	1
TTAGCTAGG	1	1	1	1	1	1
TTAGGATAG	1	1	1	1	1	1
TTAGTGGCC	1	1	1	1	1	1
TTATAAGCG	1	1	1	1	1	1
TTATTGCTC	1	1	1	1	1	1
TTCACTCAA	1	1	1	1	1	1
TTCAGGAAG	1	1	1	1	1	1
TTCAGGGTC	1	1	1	1	1	1
TTCAGGTCA	1	1	1	1	1	1
TTCATTAGA	1	1	1	1	1	1
TTCCAATGA	1	2	2	1	2	2
TTCCAGAGT	1	2	2	1	2	2
TTCCGGAGG	1	1	1	1	1	1
TTCGACGGG	1	1	1	1	1	1
TTCGTTTCG	1	1	1	1	1	1
TTCTCTTGG	1	1	1	1	1	1
TTGAAAAGC	1	1	1	1	1	1
TTGAAATAG	1	1	1	1	1	1
TTGAACAGC	1	2	2	1	2	2
TTGACCGGT	1	1	1	1	1	1
TTGACGCGG	1	2	2	1	2	2
TTGAGAGGA	1	2	2	1	2	2
TTGAGCAGC	1	1	1	1	1	1
TTGAGCTGC	1	2	2	1	2	2
TTGAGGATG	1	2	2	1	2	2
TTGAGGGCA	1	1	1	1	1	1
TTGAGGTGG	1	2	2	1	2	2
TTGAGTGGA	1	2	2	1	2	2
TTGATCCGC	1	1	1	1	1	1
TTGATCCTG	1	2	2	1	2	2
TTGATGATG	1	1	1	1	1	1
TTGATGGGA	1	1	1	1	1	1
TTGATTCCG	1	1	1	1	1	1
TTGATTGGG	1	2	2	1	2	2
TTGCACTCC	1	2	2	1	2	2
TTGCCAACG	1	2	2	1	2	2
TTGCCGAGC	1	2	2	1	2	2
TTGCCTCTG	1	2	2	1	2	2
TTGCGAGGC	1	1	1	1	1	1
TTGCGCCCT	1	2	2	1	2	2
TTGCGGGGC	1	1	1	1	1	1
TTGCTAAGA	1	1	1	1	1	1
TTGCTACGC	1	2	2	1	2	2
TTGCTCATG	1	1	1	1	1	1
TTGCTCGTC	1	1	1	1	1	1
TTGGACGCT	1	1	1	1	1	1
TTGGGAGAG	1	1	1	1	1	1
TTGGGCAGG	1	2	2	1	2	2
TTGGGGCCA	1	2	2	1	2	2
TTGGGGGGT	1	2	2	1	2	2
TTGGGGTTG	1	1	1	1	1	1
TTGGTTGAG	1	1	1	1	1	1
TTGTAGGCG	1	1	1	1	1	1
TTGTAGGGC	1	1	1	1	1	1
TTGTATTAG	1	2	2	1	2	2
TTGTCCATT	1	1	1	1	1	1
TTGTGACGG	1	1	1	1	1	1
TTGTGCCTT	1	1	1	1	1	1
TTGTGCTGG	1	2	2	1	2	2
TTGTGGCAC	1	1	1	1	1	1
TTGTGTAGA	1	2	2	1	2	2
TTTAGGTGT	1	2	2	1	2	2
TTTGCAACG	1	2	2	1	2	2
TTTGGAACT	1	1	1	1	1	1
TTTTACGTC	1	1	1	1	1	1
